{
  "mAP": {
    "mean": 0.634949486199093,
    "min": 0.5252483451141574,
    "max": 0.7231713133991483,
    "95_ci": [
      0.5387435311874897,
      0.7311554412106962
    ],
    "values": [
      0.5252483451141574,
      0.7231713133991483,
      0.664168731269479,
      0.5903832943466257,
      0.6717757468660545
    ]
  },
  "mAP@0.5": {
    "mean": 0.8258256500210605,
    "min": 0.7280516236649494,
    "max": 0.91005129196443,
    "95_ci": [
      0.7441286276932619,
      0.907522672348859
    ],
    "values": [
      0.7280516236649494,
      0.91005129196443,
      0.8376551602977882,
      0.8105368369086318,
      0.8428333372695033
    ]
  },
  "mAP@0.75": {
    "mean": 0.7227295293938791,
    "min": 0.5752474551935147,
    "max": 0.8406407877845404,
    "95_ci": [
      0.5961793491590838,
      0.8492797096286745
    ],
    "values": [
      0.5752474551935147,
      0.8406407877845404,
      0.7660472065019678,
      0.6715522137212212,
      0.760159983768151
    ]
  },
  "f1@0.50": {
    "mean": 0.9304016706081273,
    "min": 0.8879725085910654,
    "max": 0.9748743718592964,
    "95_ci": [
      0.8895979541244504,
      0.9712053870918042
    ],
    "values": [
      0.9144736842105263,
      0.9748743718592964,
      0.947129909365559,
      0.8879725085910654,
      0.9275578790141895
    ]
  },
  "f1@0.75": {
    "mean": 0.8472016629896686,
    "min": 0.7917525773195877,
    "max": 0.9028475711892798,
    "95_ci": [
      0.7925893897851354,
      0.9018139361942018
    ],
    "values": [
      0.8273026315789473,
      0.9028475711892798,
      0.879154078549849,
      0.7917525773195877,
      0.8349514563106797
    ]
  }
}