{
  "mAP": {
    "mean": 0.6772818947682766,
    "min": 0.6743156472748911,
    "max": 0.6807867234383536,
    "95_ci": [
      0.6742977977006337,
      0.6802659918359195
    ],
    "values": [
      0.6807867234383536,
      0.6764163798449565,
      0.6782259028160409,
      0.6766648204671409,
      0.6743156472748911
    ]
  },
  "mAP@0.5": {
    "mean": 0.9220528073206673,
    "min": 0.8949587861891327,
    "max": 0.9440962187605091,
    "95_ci": [
      0.8963305522725351,
      0.9477750623687995
    ],
    "values": [
      0.9440962187605091,
      0.8949587861891327,
      0.9137261022814265,
      0.9417375187766804,
      0.9157454105955873
    ]
  },
  "mAP@0.75": {
    "mean": 0.77036514379185,
    "min": 0.7458524153964713,
    "max": 0.7981981670470186,
    "95_ci": [
      0.7470324443178303,
      0.7936978432658696
    ],
    "values": [
      0.7981981670470186,
      0.7648436230345037,
      0.7700484731766759,
      0.7728830403045802,
      0.7458524153964713
    ]
  },
  "f1@0.50": {
    "mean": 0.8866222965905777,
    "min": 0.8178861788617885,
    "max": 0.9374045801526717,
    "95_ci": [
      0.8230449345854659,
      0.9501996585956894
    ],
    "values": [
      0.9364261168384879,
      0.8178861788617885,
      0.8805970149253731,
      0.9374045801526717,
      0.8607975921745674
    ]
  },
  "f1@0.75": {
    "mean": 0.6700110561913422,
    "min": 0.5837398373983741,
    "max": 0.7648854961832061,
    "95_ci": [
      0.5622633565127001,
      0.7777587558699842
    ],
    "values": [
      0.7577319587628866,
      0.5837398373983741,
      0.6477611940298508,
      0.7648854961832061,
      0.5959367945823928
    ]
  }
}