{
  "mAP": {
    "mean": 0.7139934624593007,
    "min": 0.7012585655104429,
    "max": 0.7352765042576385,
    "95_ci": [
      0.6977957631384017,
      0.7301911617801997
    ],
    "values": [
      0.7012585655104429,
      0.7143761873613129,
      0.7059550657633376,
      0.7131009894037718,
      0.7352765042576385
    ]
  },
  "mAP@0.5": {
    "mean": 0.922139780485017,
    "min": 0.8861744626713135,
    "max": 0.9504370577054672,
    "95_ci": [
      0.8863571575519865,
      0.9579224034180475
    ],
    "values": [
      0.9417710989039801,
      0.8861744626713135,
      0.8965267280162997,
      0.9357895551280248,
      0.9504370577054672
    ]
  },
  "mAP@0.75": {
    "mean": 0.8658984004257302,
    "min": 0.8334988978645563,
    "max": 0.9092503482371749,
    "95_ci": [
      0.8288430139249264,
      0.9029537869265339
    ],
    "values": [
      0.8334988978645563,
      0.863329534988549,
      0.8445072415262603,
      0.9092503482371749,
      0.8789059795121109
    ]
  },
  "f1@0.50": {
    "mean": 0.9840777495719228,
    "min": 0.9815436241610739,
    "max": 0.9898516783762686,
    "95_ci": [
      0.9797956350162621,
      0.9883598641275836
    ],
    "values": [
      0.9846938775510204,
      0.9815436241610739,
      0.982156710628394,
      0.9821428571428572,
      0.9898516783762686
    ]
  },
  "f1@0.75": {
    "mean": 0.9496646408791607,
    "min": 0.9353741496598639,
    "max": 0.9557796741660202,
    "95_ci": [
      0.9385697816143624,
      0.9607595001439589
    ],
    "values": [
      0.9353741496598639,
      0.9463087248322147,
      0.9557796741660202,
      0.9553571428571429,
      0.955503512880562
    ]
  }
}