{
  "mAP": {
    "mean": 0.8135883349908353,
    "min": 0.7835882088967908,
    "max": 0.845782945801934,
    "95_ci": [
      0.7858528725115835,
      0.841323797470087
    ],
    "values": [
      0.8178265396299198,
      0.807156934602585,
      0.845782945801934,
      0.7835882088967908,
      0.813587046022947
    ]
  },
  "mAP@0.5": {
    "mean": 0.98016836000367,
    "min": 0.9588934038151387,
    "max": 0.9891549796578586,
    "95_ci": [
      0.9638488859351538,
      0.9964878340721862
    ],
    "values": [
      0.9891549796578586,
      0.9588934038151387,
      0.9882890125300902,
      0.9758115121731558,
      0.9886928918421067
    ]
  },
  "mAP@0.75": {
    "mean": 0.9443651924912941,
    "min": 0.9228951911536826,
    "max": 0.9661594488403822,
    "95_ci": [
      0.9225161335754545,
      0.9662142514071338
    ],
    "values": [
      0.9513669566617539,
      0.9300544103170877,
      0.9661594488403822,
      0.9228951911536826,
      0.9513499554835644
    ]
  },
  "f1@0.50": {
    "mean": 0.9803384002499769,
    "min": 0.9742457689477557,
    "max": 0.98989898989899,
    "95_ci": [
      0.9730724657948974,
      0.9876043347050564
    ],
    "values": [
      0.980688497061293,
      0.9791492910758965,
      0.98989898989899,
      0.9742457689477557,
      0.9777094542659492
    ]
  },
  "f1@0.75": {
    "mean": 0.942233765254667,
    "min": 0.925680647534952,
    "max": 0.9665889665889666,
    "95_ci": [
      0.9236102580232508,
      0.9608572724860831
    ],
    "values": [
      0.9387069689336692,
      0.9424520433694746,
      0.9665889665889666,
      0.925680647534952,
      0.9377401998462721
    ]
  }
}