{
  "WER": {
    "mean": 31.292920000000002,
    "min": 29.5241,
    "max": 34.1891,
    "95_ci": [
      29.090539960140337,
      33.49530003985967
    ],
    "values": [
      31.5323,
      30.8053,
      29.5241,
      34.1891,
      30.4138
    ]
  },
  "CER": {
    "mean": 7.78252,
    "min": 6.7727,
    "max": 8.9175,
    "95_ci": [
      6.812121818262967,
      8.752918181737032
    ],
    "values": [
      7.8099,
      7.4584,
      6.7727,
      8.9175,
      7.9541
    ]
  }
}