{
  "NER": {
    "mean": 96.76404,
    "min": 91.3471,
    "max": 100.0,
    "95_ci": [
      91.24004040580273,
      102.28803959419726
    ],
    "values": [
      100.0,
      92.4731,
      100.0,
      91.3471,
      100.0
    ]
  },
  "CER": {
    "mean": 60.78976,
    "min": 41.8284,
    "max": 76.0602,
    "95_ci": [
      40.13694225471663,
      81.44257774528337
    ],
    "values": [
      70.9173,
      41.8284,
      76.0602,
      43.5956,
      71.5473
    ]
  }
}