{
  "NER": {
    "mean": 87.44742,
    "min": 82.7901,
    "max": 91.1504,
    "95_ci": [
      82.94876601586735,
      91.94607398413264
    ],
    "values": [
      91.0966,
      86.3799,
      82.7901,
      91.1504,
      85.8201
    ]
  },
  "CER": {
    "mean": 39.8327,
    "min": 36.5113,
    "max": 43.6185,
    "95_ci": [
      36.567583835095135,
      43.09781616490487
    ],
    "values": [
      39.9194,
      40.5907,
      36.5113,
      43.6185,
      38.5236
    ]
  }
}