{
  "WER": {
    "mean": 35.34162,
    "min": 32.4138,
    "max": 36.9355,
    "95_ci": [
      33.137148981392414,
      37.546091018607584
    ],
    "values": [
      36.9355,
      35.6085,
      35.2212,
      36.5291,
      32.4138
    ]
  },
  "CER": {
    "mean": 10.787640000000001,
    "min": 10.2047,
    "max": 11.6735,
    "95_ci": [
      10.08653374117557,
      11.488746258824433
    ],
    "values": [
      10.9468,
      10.46,
      10.6532,
      11.6735,
      10.2047
    ]
  }
}