{
  "WER": {
    "mean": 31.151799999999998,
    "min": 29.6897,
    "max": 32.0117,
    "95_ci": [
      30.052873606569904,
      32.25072639343009
    ],
    "values": [
      31.5726,
      31.4193,
      31.0657,
      32.0117,
      29.6897
    ]
  },
  "CER": {
    "mean": 8.99364,
    "min": 8.4227,
    "max": 9.8771,
    "95_ci": [
      8.202084057770476,
      9.785195942229523
    ],
    "values": [
      9.425,
      8.7896,
      8.4538,
      9.8771,
      8.4227
    ]
  }
}