{
  "NER": {
    "mean": 80.17888,
    "min": 74.9104,
    "max": 83.7027,
    "95_ci": [
      75.79553283697281,
      84.5622271630272
    ],
    "values": [
      78.3931,
      74.9104,
      83.7027,
      82.3009,
      81.5873
    ]
  },
  "CER": {
    "mean": 35.6324,
    "min": 33.1083,
    "max": 38.2857,
    "95_ci": [
      32.92948079296927,
      38.33531920703072
    ],
    "values": [
      34.2238,
      33.1083,
      38.2857,
      37.4428,
      35.1014
    ]
  }
}