{
  "WER": {
    "mean": 59.783860000000004,
    "min": 57.7241,
    "max": 61.6532,
    "95_ci": [
      57.65078441251421,
      61.916935587485796
    ],
    "values": [
      61.6532,
      58.9382,
      59.1153,
      61.4885,
      57.7241
    ]
  },
  "CER": {
    "mean": 18.21598,
    "min": 17.1668,
    "max": 19.5248,
    "95_ci": [
      16.80918683713414,
      19.622773162865858
    ],
    "values": [
      19.5248,
      17.416,
      17.1668,
      19.3622,
      17.6101
    ]
  }
}