{
  "NER": {
    "mean": 87.75175999999999,
    "min": 85.7763,
    "max": 89.3805,
    "95_ci": [
      85.64164540192198,
      89.861874598078
    ],
    "values": [
      85.7763,
      88.7694,
      86.0495,
      89.3805,
      88.7831
    ]
  },
  "CER": {
    "mean": 36.782120000000006,
    "min": 33.9549,
    "max": 39.3249,
    "95_ci": [
      33.73217314577856,
      39.83206685422145
    ],
    "values": [
      34.6522,
      39.3249,
      33.9549,
      39.0439,
      36.9347
    ]
  }
}