{
  "WER": {
    "mean": 68.91904,
    "min": 67.1912,
    "max": 70.4907,
    "95_ci": [
      67.1825669663248,
      70.65551303367519
    ],
    "values": [
      70.0686,
      68.9481,
      67.1912,
      70.4907,
      67.8966
    ]
  },
  "CER": {
    "mean": 21.7709,
    "min": 20.5257,
    "max": 23.1182,
    "95_ci": [
      20.33120524622082,
      23.210594753779183
    ],
    "values": [
      22.894,
      21.1581,
      20.5257,
      23.1182,
      21.1585
    ]
  }
}