{
  "NER": {
    "mean": 84.39986,
    "min": 82.6176,
    "max": 86.8049,
    "95_ci": [
      82.14802672705791,
      86.6516932729421
    ],
    "values": [
      83.7724,
      85.7809,
      83.0235,
      86.8049,
      82.6176
    ]
  },
  "CER": {
    "mean": 36.12966,
    "min": 34.3314,
    "max": 38.8395,
    "95_ci": [
      33.88309506117807,
      38.376224938821935
    ],
    "values": [
      35.4265,
      37.0258,
      34.3314,
      38.8395,
      35.0251
    ]
  }
}