{
  "mAP": {
    "mean": 0.45079039366116297,
    "min": 0.36991531705625585,
    "max": 0.5341542096976787,
    "95_ci": [
      0.3638556525305682,
      0.5377251347917578
    ],
    "values": [
      0.5341542096976787,
      0.4442470674681586,
      0.39774093133917454,
      0.5078944427445473,
      0.36991531705625585
    ]
  },
  "mAP@0.5": {
    "mean": 0.6242390486052157,
    "min": 0.5349657168760602,
    "max": 0.7594749417621622,
    "95_ci": [
      0.5042553864915335,
      0.744222710718898
    ],
    "values": [
      0.7594749417621622,
      0.5818690267262727,
      0.5542873651729868,
      0.6905981924885962,
      0.5349657168760602
    ]
  },
  "mAP@0.75": {
    "mean": 0.515521607292516,
    "min": 0.4338337913361712,
    "max": 0.6049004902706041,
    "95_ci": [
      0.41470446260381316,
      0.6163387519812187
    ],
    "values": [
      0.6049004902706041,
      0.5088317782691131,
      0.43865379410426136,
      0.5913881824824299,
      0.4338337913361712
    ]
  },
  "f1@0.50": {
    "mean": 0.7246408528204631,
    "min": 0.6786688488816148,
    "max": 0.7478540772532188,
    "95_ci": [
      0.686266759828431,
      0.7630149458124952
    ],
    "values": [
      0.7425083240843507,
      0.7475447718082033,
      0.6786688488816148,
      0.7478540772532188,
      0.706628242074928
    ]
  },
  "f1@0.75": {
    "mean": 0.5729027880046308,
    "min": 0.508456082924168,
    "max": 0.6276824034334763,
    "95_ci": [
      0.5152766195742101,
      0.6305289564350515
    ],
    "values": [
      0.5915649278579356,
      0.5915655690352397,
      0.508456082924168,
      0.6276824034334763,
      0.5452449567723343
    ]
  }
}