{
  "mAP": {
    "mean": 0.6971695898775269,
    "min": 0.6324917314190209,
    "max": 0.7330185224239131,
    "95_ci": [
      0.6460272364476616,
      0.7483119433073921
    ],
    "values": [
      0.7330185224239131,
      0.7149515083144402,
      0.6324917314190209,
      0.7243772364991822,
      0.6810089507310781
    ]
  },
  "mAP@0.5": {
    "mean": 0.8970551672725657,
    "min": 0.82324539642021,
    "max": 0.9383160331187111,
    "95_ci": [
      0.8379557138443633,
      0.9561546207007682
    ],
    "values": [
      0.9383160331187111,
      0.9064194637709548,
      0.82324539642021,
      0.9365320073248348,
      0.8807629357281183
    ]
  },
  "mAP@0.75": {
    "mean": 0.8333192563405957,
    "min": 0.7514383231244662,
    "max": 0.9080831840532978,
    "95_ci": [
      0.7545978378741206,
      0.9120406748070707
    ],
    "values": [
      0.9080831840532978,
      0.847705435932453,
      0.7514383231244662,
      0.871819530166928,
      0.7875498084258336
    ]
  },
  "f1@0.50": {
    "mean": 0.9749577972176834,
    "min": 0.9602941176470587,
    "max": 0.9857549857549857,
    "95_ci": [
      0.9618180301110645,
      0.9880975643243023
    ],
    "values": [
      0.9857549857549857,
      0.9751596877217885,
      0.9602941176470587,
      0.9841924398625429,
      0.9693877551020409
    ]
  },
  "f1@0.75": {
    "mean": 0.9466557620529281,
    "min": 0.9308823529411765,
    "max": 0.9629629629629629,
    "95_ci": [
      0.9292372886069921,
      0.9640742354988642
    ],
    "values": [
      0.9629629629629629,
      0.9368346344925479,
      0.9308823529411765,
      0.9594501718213059,
      0.9431486880466472
    ]
  }
}