{
  "mAP": {
    "mean": 0.5044943713267763,
    "min": 0.44875788597207217,
    "max": 0.5551578232716764,
    "95_ci": [
      0.4549369790998181,
      0.5540517635537345
    ],
    "values": [
      0.5245409512210758,
      0.5551578232716764,
      0.4874006659652074,
      0.5066145302038496,
      0.44875788597207217
    ]
  },
  "mAP@0.5": {
    "mean": 0.7713435176904693,
    "min": 0.724844050050237,
    "max": 0.8242122179788378,
    "95_ci": [
      0.717859981803156,
      0.8248270535777825
    ],
    "values": [
      0.8091709436249591,
      0.8242122179788378,
      0.7545658771549317,
      0.7439244996433809,
      0.724844050050237
    ]
  },
  "mAP@0.75": {
    "mean": 0.5768761408234848,
    "min": 0.49427136101990554,
    "max": 0.6313886232690847,
    "95_ci": [
      0.5120337532225951,
      0.6417185284243745
    ],
    "values": [
      0.5857115164229859,
      0.6313886232690847,
      0.5658893025104249,
      0.6071199008950229,
      0.49427136101990554
    ]
  },
  "f1@0.50": {
    "mean": 0.744319161128171,
    "min": 0.7185069984447899,
    "max": 0.7789142407553108,
    "95_ci": [
      0.7086290189010683,
      0.7800093033552736
    ],
    "values": [
      0.7789142407553108,
      0.7720090293453725,
      0.7238605898123325,
      0.7185069984447899,
      0.7283049472830495
    ]
  },
  "f1@0.75": {
    "mean": 0.48315277991266276,
    "min": 0.4541213063763608,
    "max": 0.5206922498118887,
    "95_ci": [
      0.4508189192589562,
      0.5154866405663694
    ],
    "values": [
      0.4972462627852085,
      0.5206922498118887,
      0.47006255585344064,
      0.4541213063763608,
      0.47364152473641524
    ]
  }
}