{
  "mAP": {
    "mean": 0.5467875059942994,
    "min": 0.2362030801956841,
    "max": 0.7170139021421915,
    "95_ci": [
      0.3176986164340246,
      0.7758763955545742
    ],
    "values": [
      0.2362030801956841,
      0.6371308840291591,
      0.5461933969954116,
      0.5973962666090507,
      0.7170139021421915
    ]
  },
  "mAP@0.5": {
    "mean": 0.7088702692376455,
    "min": 0.3215293078708272,
    "max": 0.9349355082340258,
    "95_ci": [
      0.41900829366968373,
      0.9987322448056073
    ],
    "values": [
      0.3215293078708272,
      0.8062462550921243,
      0.6892125751709637,
      0.7924276998202867,
      0.9349355082340258
    ]
  },
  "mAP@0.75": {
    "mean": 0.6211410183254599,
    "min": 0.275059119334216,
    "max": 0.8138597395104572,
    "95_ci": [
      0.36464589166804007,
      0.8776361449828797
    ],
    "values": [
      0.275059119334216,
      0.7103029866957598,
      0.609843270002638,
      0.6966399760842285,
      0.8138597395104572
    ]
  },
  "f1@0.50": {
    "mean": 0.8963521405443597,
    "min": 0.8409893992932863,
    "max": 0.9561933534743202,
    "95_ci": [
      0.8295723120347887,
      0.9631319690539308
    ],
    "values": [
      0.8409893992932863,
      0.8674157303370786,
      0.8650619985412108,
      0.9521002210759028,
      0.9561933534743202
    ]
  },
  "f1@0.75": {
    "mean": 0.823768854669343,
    "min": 0.7614840989399293,
    "max": 0.8942598187311178,
    "95_ci": [
      0.7479997741742689,
      0.8995379351644172
    ],
    "values": [
      0.7614840989399293,
      0.7925093632958802,
      0.7862873814733771,
      0.8843036109064113,
      0.8942598187311178
    ]
  }
}