{
  "mAP": {
    "mean": 0.6843705140237742,
    "min": 0.6420454761896136,
    "max": 0.7420997157043612,
    "95_ci": [
      0.6372424958458024,
      0.7314985322017461
    ],
    "values": [
      0.6615420546656396,
      0.7420997157043612,
      0.6947804816431628,
      0.6813848419160942,
      0.6420454761896136
    ]
  },
  "mAP@0.5": {
    "mean": 0.929052702138226,
    "min": 0.8933336250892353,
    "max": 0.9619548214385816,
    "95_ci": [
      0.8979269557815722,
      0.9601784484948798
    ],
    "values": [
      0.9364522566314553,
      0.9619548214385816,
      0.9200563027351766,
      0.9334665047966813,
      0.8933336250892353
    ]
  },
  "mAP@0.75": {
    "mean": 0.7850936425765619,
    "min": 0.7425750690988097,
    "max": 0.8307261433051379,
    "95_ci": [
      0.742120218560349,
      0.8280670665927747
    ],
    "values": [
      0.7596266775353923,
      0.8307261433051379,
      0.7951013367446412,
      0.7974389861988287,
      0.7425750690988097
    ]
  },
  "f1@0.50": {
    "mean": 0.8998268938355795,
    "min": 0.806966618287373,
    "max": 0.9472789115646257,
    "95_ci": [
      0.8302303864375693,
      0.9694234012335896
    ],
    "values": [
      0.9165247018739352,
      0.9472789115646257,
      0.8918083462132921,
      0.9365558912386707,
      0.806966618287373
    ]
  },
  "f1@0.75": {
    "mean": 0.6727185115467094,
    "min": 0.5239477503628448,
    "max": 0.7380952380952381,
    "95_ci": [
      0.5655220303972431,
      0.7799149926961756
    ],
    "values": [
      0.6933560477001705,
      0.7380952380952381,
      0.6816074188562595,
      0.7265861027190333,
      0.5239477503628448
    ]
  }
}