{
  "mAP": {
    "mean": 0.7152842011846472,
    "min": 0.6747955933854743,
    "max": 0.755420033674185,
    "95_ci": [
      0.6685702277067747,
      0.7619981746625197
    ],
    "values": [
      0.6747955933854743,
      0.7282455058648027,
      0.755420033674185,
      0.6760862733903942,
      0.7418735996083797
    ]
  },
  "mAP@0.5": {
    "mean": 0.9265726515640212,
    "min": 0.8966253325277216,
    "max": 0.95713814712884,
    "95_ci": [
      0.894878525890756,
      0.9582667772372865
    ],
    "values": [
      0.9141972485465937,
      0.9158252081097936,
      0.9490773215071574,
      0.8966253325277216,
      0.95713814712884
    ]
  },
  "mAP@0.75": {
    "mean": 0.8638768796036915,
    "min": 0.815911943639585,
    "max": 0.9056296177425143,
    "95_ci": [
      0.8103872262412581,
      0.9173665329661249
    ],
    "values": [
      0.815911943639585,
      0.8986755430971239,
      0.8792462285884346,
      0.8199210649508,
      0.9056296177425143
    ]
  },
  "f1@0.50": {
    "mean": 0.9840274797009704,
    "min": 0.9770200148257969,
    "max": 0.9890625000000001,
    "95_ci": [
      0.9784097218848029,
      0.9896452375171378
    ],
    "values": [
      0.983050847457627,
      0.9865319865319866,
      0.9890625000000001,
      0.9770200148257969,
      0.984472049689441
    ]
  },
  "f1@0.75": {
    "mean": 0.9479546937469255,
    "min": 0.9389830508474577,
    "max": 0.9549689440993789,
    "95_ci": [
      0.9381502622097194,
      0.9577591252841317
    ],
    "values": [
      0.9389830508474577,
      0.9511784511784511,
      0.9546875,
      0.9399555226093401,
      0.9549689440993789
    ]
  }
}