{
  "NER": {
    "mean": 97.01052,
    "min": 85.3911,
    "max": 100.0,
    "95_ci": [
      88.9444702896529,
      105.0765697103471
    ],
    "values": [
      99.8946,
      99.7669,
      100.0,
      85.3911,
      100.0
    ]
  },
  "CER": {
    "mean": 64.07692,
    "min": 41.7297,
    "max": 71.2791,
    "95_ci": [
      48.50310186504003,
      79.65073813495997
    ],
    "values": [
      68.1335,
      69.8145,
      71.2791,
      41.7297,
      69.4278
    ]
  }
}