{
  "WER": {
    "mean": 41.91294,
    "min": 40.241,
    "max": 43.6139,
    "95_ci": [
      40.28069748056256,
      43.54518251943744
    ],
    "values": [
      41.2263,
      42.7594,
      40.241,
      43.6139,
      41.7241
    ]
  },
  "CER": {
    "mean": 10.554480000000002,
    "min": 9.6272,
    "max": 11.4096,
    "95_ci": [
      9.735754542146543,
      11.37320545785346
    ],
    "values": [
      10.394,
      10.4526,
      9.6272,
      11.4096,
      10.889
    ]
  }
}