{
  "WER": {
    "mean": 39.12018,
    "min": 37.4828,
    "max": 40.494,
    "95_ci": [
      37.7062344844491,
      40.5341255155509
    ],
    "values": [
      39.5724,
      38.5807,
      39.471,
      40.494,
      37.4828
    ]
  },
  "CER": {
    "mean": 11.21234,
    "min": 10.6752,
    "max": 12.2127,
    "95_ci": [
      10.446783260754447,
      11.977896739245551
    ],
    "values": [
      11.3723,
      10.9768,
      10.6752,
      12.2127,
      10.8247
    ]
  }
}