{
  "NER": {
    "mean": 77.80210000000001,
    "min": 76.1072,
    "max": 80.7729,
    "95_ci": [
      75.2743850994719,
      80.32981490052812
    ],
    "values": [
      79.0306,
      76.1072,
      76.2082,
      80.7729,
      76.8916
    ]
  },
  "CER": {
    "mean": 35.257459999999995,
    "min": 33.4256,
    "max": 37.3722,
    "95_ci": [
      33.35921925198057,
      37.15570074801942
    ],
    "values": [
      34.1904,
      33.4256,
      35.843,
      37.3722,
      35.4561
    ]
  }
}