{
  "NER": {
    "mean": 86.50550000000001,
    "min": 80.917,
    "max": 89.1616,
    "95_ci": [
      82.42761279844197,
      90.58338720155805
    ],
    "values": [
      88.5142,
      87.4126,
      80.917,
      86.5221,
      89.1616
    ]
  },
  "CER": {
    "mean": 39.69648,
    "min": 37.1802,
    "max": 41.2608,
    "95_ci": [
      37.69949705475189,
      41.693462945248115
    ],
    "values": [
      41.2608,
      39.4904,
      37.1802,
      40.9293,
      39.6217
    ]
  }
}