{
  "WER": {
    "mean": 43.82397999999999,
    "min": 42.6207,
    "max": 45.3039,
    "95_ci": [
      42.4123335618063,
      45.235626438193684
    ],
    "values": [
      44.6954,
      43.0115,
      43.4884,
      45.3039,
      42.6207
    ]
  },
  "CER": {
    "mean": 13.302760000000001,
    "min": 12.8801,
    "max": 14.1623,
    "95_ci": [
      12.634742717223627,
      13.970777282776375
    ],
    "values": [
      13.4986,
      12.9563,
      12.8801,
      14.1623,
      13.0165
    ]
  }
}