{
  "WER": {
    "mean": 67.88368,
    "min": 66.6369,
    "max": 69.1025,
    "95_ci": [
      66.5679052924993,
      69.19945470750069
    ],
    "values": [
      66.6369,
      68.8692,
      69.1025,
      67.2999,
      67.5099
    ]
  },
  "CER": {
    "mean": 20.530440000000002,
    "min": 19.9506,
    "max": 21.4323,
    "95_ci": [
      19.778856383870043,
      21.282023616129962
    ],
    "values": [
      20.4481,
      21.4323,
      20.7851,
      19.9506,
      20.0361
    ]
  }
}