{
  "NER": {
    "mean": 82.54512,
    "min": 78.5519,
    "max": 84.4106,
    "95_ci": [
      79.6812161507401,
      85.4090238492599
    ],
    "values": [
      78.5519,
      84.4106,
      83.0665,
      82.9662,
      83.7304
    ]
  },
  "CER": {
    "mean": 36.01292,
    "min": 34.5229,
    "max": 37.6463,
    "95_ci": [
      34.270108039756536,
      37.755731960243466
    ],
    "values": [
      34.5229,
      37.3737,
      35.3296,
      35.1921,
      37.6463
    ]
  }
}