{
  "mAP": {
    "mean": 0.40713875392478666,
    "min": 0.32827779028038684,
    "max": 0.46776332570846135,
    "95_ci": [
      0.3393180612136833,
      0.47495944663589
    ],
    "values": [
      0.38106493312073414,
      0.4155497810388378,
      0.32827779028038684,
      0.4430379394755134,
      0.46776332570846135
    ]
  },
  "mAP@0.5": {
    "mean": 0.5817814387941238,
    "min": 0.4781920373277775,
    "max": 0.6870061429789807,
    "95_ci": [
      0.4770526861514745,
      0.686510191436773
    ],
    "values": [
      0.5383783713620479,
      0.5585204357105717,
      0.4781920373277775,
      0.6870061429789807,
      0.6468102065912416
    ]
  },
  "mAP@0.75": {
    "mean": 0.46746660223445957,
    "min": 0.3947950374240155,
    "max": 0.5294501851364393,
    "95_ci": [
      0.4036943130135301,
      0.531238891455389
    ],
    "values": [
      0.44110339942642157,
      0.490840130790283,
      0.3947950374240155,
      0.4811442583951389,
      0.5294501851364393
    ]
  },
  "f1@0.50": {
    "mean": 0.6860564705778913,
    "min": 0.6208625877632898,
    "max": 0.757327080890973,
    "95_ci": [
      0.624275592176263,
      0.7478373489795196
    ],
    "values": [
      0.6673564407656493,
      0.7008456659619451,
      0.6208625877632898,
      0.6838905775075987,
      0.757327080890973
    ]
  },
  "f1@0.75": {
    "mean": 0.5405175469366224,
    "min": 0.49348044132397195,
    "max": 0.6131301289566238,
    "95_ci": [
      0.47477925922108244,
      0.6062558346521623
    ],
    "values": [
      0.5090532850491464,
      0.580338266384778,
      0.49348044132397195,
      0.5065856129685916,
      0.6131301289566238
    ]
  }
}