{
  "mAP": {
    "mean": 0.649851468884511,
    "min": 0.5978272762322205,
    "max": 0.7332201449840435,
    "95_ci": [
      0.5862711578456098,
      0.7134317799234121
    ],
    "values": [
      0.7332201449840435,
      0.6575914998827147,
      0.5978272762322205,
      0.6322516992183602,
      0.6283667241052153
    ]
  },
  "mAP@0.5": {
    "mean": 0.8523558892145895,
    "min": 0.8020880431175544,
    "max": 0.9015679492782173,
    "95_ci": [
      0.8053837719247514,
      0.8993280065044276
    ],
    "values": [
      0.9015679492782173,
      0.8746656652818928,
      0.8020880431175544,
      0.8468353850214797,
      0.836622403373803
    ]
  },
  "mAP@0.75": {
    "mean": 0.7719912348552486,
    "min": 0.7222593286451187,
    "max": 0.8625658625075094,
    "95_ci": [
      0.7032863518276726,
      0.8406961178828245
    ],
    "values": [
      0.8625658625075094,
      0.778983702813857,
      0.7222593286451187,
      0.7618013682737338,
      0.7343459120360236
    ]
  },
  "f1@0.50": {
    "mean": 0.9700928460581609,
    "min": 0.9605263157894737,
    "max": 0.9808646350106307,
    "95_ci": [
      0.960647032166729,
      0.9795386599495929
    ],
    "values": [
      0.9808646350106307,
      0.9724770642201835,
      0.9605263157894737,
      0.9707283866575902,
      0.9658678286129266
    ]
  },
  "f1@0.75": {
    "mean": 0.9382778337200894,
    "min": 0.9269005847953216,
    "max": 0.9567682494684622,
    "95_ci": [
      0.9229884545379914,
      0.9535672129021875
    ],
    "values": [
      0.9567682494684622,
      0.9273112208892026,
      0.9269005847953216,
      0.9421375085091899,
      0.9382716049382717
    ]
  }
}