{
  "mAP": {
    "mean": 0.5337529781668995,
    "min": 0.4891718052444846,
    "max": 0.5774036764539433,
    "95_ci": [
      0.4918363638509184,
      0.5756695924828805
    ],
    "values": [
      0.5503463833013665,
      0.5774036764539433,
      0.5374898827070168,
      0.5143531431276867,
      0.4891718052444846
    ]
  },
  "mAP@0.5": {
    "mean": 0.7996912794327834,
    "min": 0.7811072557609572,
    "max": 0.8422647933993597,
    "95_ci": [
      0.7690319181274048,
      0.830350640738162
    ],
    "values": [
      0.7991631937650797,
      0.8422647933993597,
      0.786310934399939,
      0.7811072557609572,
      0.789610219838581
    ]
  },
  "mAP@0.75": {
    "mean": 0.6063035629128836,
    "min": 0.5010881805401938,
    "max": 0.6680428817482043,
    "95_ci": [
      0.5250964201165634,
      0.6875107057092037
    ],
    "values": [
      0.63562995443975,
      0.6680428817482043,
      0.6385523182936723,
      0.5882044795425977,
      0.5010881805401938
    ]
  },
  "f1@0.50": {
    "mean": 0.7582208507621515,
    "min": 0.7124600638977635,
    "max": 0.7904761904761904,
    "95_ci": [
      0.717343522321457,
      0.799098179202846
    ],
    "values": [
      0.738296239447429,
      0.7904761904761904,
      0.7638668779714739,
      0.7124600638977635,
      0.7860048820179008
    ]
  },
  "f1@0.75": {
    "mean": 0.5060034314753401,
    "min": 0.4712460063897764,
    "max": 0.5428571428571429,
    "95_ci": [
      0.47095561252164064,
      0.5410512504290396
    ],
    "values": [
      0.4850345356868764,
      0.5428571428571429,
      0.5166402535657687,
      0.4712460063897764,
      0.514239218877136
    ]
  }
}