{
  "mAP": {
    "mean": 0.8164845390063071,
    "min": 0.7389123323580205,
    "max": 0.8742343417733389,
    "95_ci": [
      0.7545836320272796,
      0.8783854459853346
    ],
    "values": [
      0.8742343417733389,
      0.8261062743590072,
      0.8066806913639541,
      0.8364890551772148,
      0.7389123323580205
    ]
  },
  "mAP@0.5": {
    "mean": 0.958987388873268,
    "min": 0.922021566998493,
    "max": 0.9916108815960349,
    "95_ci": [
      0.9275621073768671,
      0.9904126703696688
    ],
    "values": [
      0.9916108815960349,
      0.957150302487033,
      0.9694578617184877,
      0.954696331566291,
      0.922021566998493
    ]
  },
  "mAP@0.75": {
    "mean": 0.9187437138922216,
    "min": 0.849281661496119,
    "max": 0.9746609700397166,
    "95_ci": [
      0.860889269035159,
      0.9765981587492842
    ],
    "values": [
      0.9746609700397166,
      0.9312207749940956,
      0.9023048705379321,
      0.9362502923932456,
      0.849281661496119
    ]
  },
  "f1@0.50": {
    "mean": 0.981608318056004,
    "min": 0.9610389610389611,
    "max": 0.9892933618843684,
    "95_ci": [
      0.9670291852748112,
      0.9961874508371968
    ],
    "values": [
      0.9892933618843684,
      0.9828571428571429,
      0.9872659176029962,
      0.9875862068965517,
      0.9610389610389611
    ]
  },
  "f1@0.75": {
    "mean": 0.9597264719566303,
    "min": 0.935064935064935,
    "max": 0.9710344827586207,
    "95_ci": [
      0.9415029705618947,
      0.9779499733513659
    ],
    "values": [
      0.9707351891506067,
      0.9600000000000001,
      0.9617977528089887,
      0.9710344827586207,
      0.935064935064935
    ]
  }
}