{
  "mAP": {
    "mean": 0.7826986338754095,
    "min": 0.7288152564465884,
    "max": 0.8239889346568952,
    "95_ci": [
      0.7353672211336411,
      0.8300300466171779
    ],
    "values": [
      0.8239889346568952,
      0.794895303094673,
      0.7288152564465884,
      0.8058662941706001,
      0.7599273810082912
    ]
  },
  "mAP@0.5": {
    "mean": 0.939479130984377,
    "min": 0.8899091280296944,
    "max": 0.9808876916981889,
    "95_ci": [
      0.8942674698831535,
      0.9846907920856004
    ],
    "values": [
      0.9808876916981889,
      0.9459790167929358,
      0.8899091280296944,
      0.9636326119990339,
      0.916987206402032
    ]
  },
  "mAP@0.75": {
    "mean": 0.8983066523735891,
    "min": 0.8400532267491346,
    "max": 0.9332666573044178,
    "95_ci": [
      0.8521833171592614,
      0.9444299875879167
    ],
    "values": [
      0.907419070656432,
      0.9243730205923127,
      0.8400532267491346,
      0.9332666573044178,
      0.8864212865656481
    ]
  },
  "f1@0.50": {
    "mean": 0.9692768038369778,
    "min": 0.9610389610389611,
    "max": 0.9788684389911384,
    "95_ci": [
      0.9604142516685461,
      0.9781393560054095
    ],
    "values": [
      0.9739252995066948,
      0.9677419354838711,
      0.9648093841642228,
      0.9788684389911384,
      0.9610389610389611
    ]
  },
  "f1@0.75": {
    "mean": 0.9425752693047578,
    "min": 0.9321789321789321,
    "max": 0.9611451942740286,
    "95_ci": [
      0.9288620328903082,
      0.9562885057192073
    ],
    "values": [
      0.9415081042988019,
      0.9410939691444601,
      0.936950146627566,
      0.9611451942740286,
      0.9321789321789321
    ]
  }
}