{
  "page3": {
    "ave": 0.3779644730092272,
    "es": 0.3779644730092272,
    "gratia": 0.3779644730092272,
    "maria": 0.3779644730092272,
    "noster": 0.3779644730092272,
    "pater": 0.3779644730092272,
    "qui": 0.3779644730092272
  }
}