{
  "mAP": {
    "mean": 0.8121553940278978,
    "min": 0.7887717586679608,
    "max": 0.8509327266645481,
    "95_ci": [
      0.7809074013635887,
      0.8434033866922069
    ],
    "values": [
      0.7942166334296833,
      0.8509327266645481,
      0.8045441956142828,
      0.7887717586679608,
      0.8223116557630149
    ]
  },
  "mAP@0.5": {
    "mean": 0.9738113804325135,
    "min": 0.9583485144811345,
    "max": 0.9944643927348569,
    "95_ci": [
      0.9555824372851773,
      0.9920403235798496
    ],
    "values": [
      0.9739610105313873,
      0.9944643927348569,
      0.9583485144811345,
      0.9615966531147538,
      0.9806863313004348
    ]
  },
  "mAP@0.75": {
    "mean": 0.9361861186775376,
    "min": 0.9165974553679573,
    "max": 0.9763966194004456,
    "95_ci": [
      0.9034329011950515,
      0.9689393361600238
    ],
    "values": [
      0.9185678877778528,
      0.9763966194004456,
      0.9165974553679573,
      0.9193907662087714,
      0.9499778646326611
    ]
  },
  "f1@0.50": {
    "mean": 0.9812104337315265,
    "min": 0.9724770642201835,
    "max": 0.9873843566021867,
    "95_ci": [
      0.9731920359155329,
      0.9892288315475201
    ],
    "values": [
      0.9724770642201835,
      0.9873843566021867,
      0.9837083010085338,
      0.9764359351988217,
      0.986046511627907
    ]
  },
  "f1@0.75": {
    "mean": 0.950158620270918,
    "min": 0.9324437030859049,
    "max": 0.9666408068269977,
    "95_ci": [
      0.9323671434390072,
      0.9679500971028289
    ],
    "values": [
      0.9324437030859049,
      0.9554247266610597,
      0.9666408068269977,
      0.9381443298969071,
      0.958139534883721
    ]
  }
}