{
  "WER": {
    "mean": 43.927119999999995,
    "min": 42.8891,
    "max": 44.8262,
    "95_ci": [
      42.89070735826098,
      44.96353264173901
    ],
    "values": [
      42.8891,
      43.2373,
      44.1393,
      44.8262,
      44.5437
    ]
  },
  "CER": {
    "mean": 11.18442,
    "min": 10.8833,
    "max": 11.4763,
    "95_ci": [
      10.859584805064602,
      11.509255194935397
    ],
    "values": [
      10.9818,
      11.4763,
      11.4215,
      11.1592,
      10.8833
    ]
  }
}