{
  "NER": {
    "mean": 83.56528,
    "min": 81.1285,
    "max": 85.6828,
    "95_ci": [
      81.27811529379865,
      85.85244470620135
    ],
    "values": [
      82.3087,
      84.7592,
      83.9472,
      85.6828,
      81.1285
    ]
  },
  "CER": {
    "mean": 38.94054,
    "min": 37.5012,
    "max": 40.2944,
    "95_ci": [
      37.69512182670676,
      40.18595817329324
    ],
    "values": [
      39.2477,
      40.2944,
      37.5012,
      38.8114,
      38.848
    ]
  }
}