{
  "WER": {
    "mean": 43.28798,
    "min": 42.717,
    "max": 45.2147,
    "95_ci": [
      41.94604738621058,
      44.629912613789415
    ],
    "values": [
      45.2147,
      42.9268,
      42.717,
      42.7243,
      42.8571
    ]
  },
  "CER": {
    "mean": 12.613,
    "min": 12.0643,
    "max": 13.039,
    "95_ci": [
      12.156718509644882,
      13.069281490355117
    ],
    "values": [
      13.039,
      12.7804,
      12.4711,
      12.7102,
      12.0643
    ]
  }
}