{
  "NER": {
    "mean": 25.2245,
    "min": 20.558,
    "max": 32.2063,
    "95_ci": [
      19.83976723757641,
      30.609232762423588
    ],
    "values": [
      32.2063,
      25.1901,
      23.0584,
      20.558,
      25.1097
    ]
  },
  "CER": {
    "mean": 11.121879999999999,
    "min": 9.0885,
    "max": 14.2331,
    "95_ci": [
      8.649216109765765,
      13.594543890234233
    ],
    "values": [
      14.2331,
      10.8605,
      9.8062,
      9.0885,
      11.6211
    ]
  }
}