{
  "WER": {
    "mean": 47.93566,
    "min": 46.6011,
    "max": 49.4457,
    "95_ci": [
      46.498400693603784,
      49.37291930639621
    ],
    "values": [
      46.6011,
      49.4457,
      47.5723,
      48.7874,
      47.2718
    ]
  },
  "CER": {
    "mean": 14.49494,
    "min": 13.967,
    "max": 15.5153,
    "95_ci": [
      13.719435469195584,
      15.270444530804415
    ],
    "values": [
      14.0713,
      15.5153,
      14.2893,
      14.6318,
      13.967
    ]
  }
}