{
  "NER": {
    "mean": 78.29673999999999,
    "min": 74.5768,
    "max": 80.8003,
    "95_ci": [
      75.2972945502285,
      81.29618544977147
    ],
    "values": [
      77.459,
      79.7845,
      78.8631,
      80.8003,
      74.5768
    ]
  },
  "CER": {
    "mean": 36.31032,
    "min": 33.8011,
    "max": 37.1117,
    "95_ci": [
      34.5537995182783,
      38.06684048172169
    ],
    "values": [
      37.0864,
      36.6534,
      37.1117,
      36.899,
      33.8011
    ]
  }
}