{
  "WER": {
    "mean": 56.73152,
    "min": 54.8301,
    "max": 58.5868,
    "95_ci": [
      54.90665128095404,
      58.55638871904597
    ],
    "values": [
      54.8301,
      57.5744,
      58.5868,
      55.8065,
      56.8598
    ]
  },
  "CER": {
    "mean": 16.01122,
    "min": 15.4328,
    "max": 16.7992,
    "95_ci": [
      15.294444054730151,
      16.727995945269853
    ],
    "values": [
      15.4601,
      16.7992,
      16.2698,
      15.4328,
      16.0942
    ]
  }
}