{
  "NER": {
    "mean": 78.03834,
    "min": 73.669,
    "max": 84.19,
    "95_ci": [
      72.82257228445071,
      83.2541077155493
    ],
    "values": [
      79.9222,
      84.19,
      73.669,
      74.9057,
      77.5048
    ]
  },
  "CER": {
    "mean": 33.099,
    "min": 30.8729,
    "max": 36.9308,
    "95_ci": [
      30.07142425298893,
      36.12657574701106
    ],
    "values": [
      33.7549,
      36.9308,
      30.8729,
      31.208,
      32.7284
    ]
  }
}