{
  "NER": {
    "mean": 81.80427999999999,
    "min": 75.9802,
    "max": 87.4867,
    "95_ci": [
      75.15391064352251,
      88.45464935647747
    ],
    "values": [
      87.4867,
      86.9226,
      75.9802,
      81.5472,
      77.0847
    ]
  },
  "CER": {
    "mean": 37.10986,
    "min": 33.9939,
    "max": 39.9428,
    "95_ci": [
      34.03178550111232,
      40.18793449888768
    ],
    "values": [
      39.3352,
      39.9428,
      33.9939,
      36.2035,
      36.0739
    ]
  }
}