{
  "WER": {
    "mean": 30.45302,
    "min": 29.9804,
    "max": 31.2097,
    "95_ci": [
      29.772419543000552,
      31.133620456999445
    ],
    "values": [
      30.0537,
      30.1644,
      29.9804,
      31.2097,
      30.8569
    ]
  },
  "CER": {
    "mean": 7.24328,
    "min": 6.6382,
    "max": 7.6801,
    "95_ci": [
      6.771832243503555,
      7.714727756496446
    ],
    "values": [
      6.6382,
      7.6801,
      7.3721,
      7.2287,
      7.2973
    ]
  }
}