{
  "WER": {
    "mean": 31.00872,
    "min": 30.2773,
    "max": 32.5189,
    "95_ci": [
      29.87314848938241,
      32.14429151061759
    ],
    "values": [
      30.2773,
      32.5189,
      30.7164,
      31.1694,
      30.3616
    ]
  },
  "CER": {
    "mean": 8.57732,
    "min": 8.2551,
    "max": 9.1588,
    "95_ci": [
      8.145714866930163,
      9.008925133069837
    ],
    "values": [
      8.5054,
      9.1588,
      8.5802,
      8.2551,
      8.3871
    ]
  }
}