{
  "NER": {
    "mean": 74.42854,
    "min": 65.6981,
    "max": 80.0582,
    "95_ci": [
      67.320903822753,
      81.536176177247
    ],
    "values": [
      76.4581,
      71.9258,
      78.0025,
      65.6981,
      80.0582
    ]
  },
  "CER": {
    "mean": 33.06852,
    "min": 27.2843,
    "max": 37.1785,
    "95_ci": [
      28.37243073884054,
      37.764609261159464
    ],
    "values": [
      34.6437,
      31.6379,
      34.5982,
      27.2843,
      37.1785
    ]
  }
}