{
  "WER": {
    "mean": 35.986399999999996,
    "min": 34.8192,
    "max": 37.6721,
    "95_ci": [
      34.590887952231306,
      37.38191204776869
    ],
    "values": [
      35.1521,
      37.6721,
      35.9176,
      36.371,
      34.8192
    ]
  },
  "CER": {
    "mean": 10.27592,
    "min": 9.89,
    "max": 11.0749,
    "95_ci": [
      9.676767640347956,
      10.875072359652043
    ],
    "values": [
      9.89,
      11.0749,
      10.3704,
      9.9658,
      10.0785
    ]
  }
}