{
  "NER": {
    "mean": 19.219620000000003,
    "min": 14.2642,
    "max": 22.9668,
    "95_ci": [
      14.967993129628102,
      23.471246870371903
    ],
    "values": [
      20.0778,
      22.9668,
      17.4577,
      14.2642,
      21.3316
    ]
  },
  "CER": {
    "mean": 8.61752,
    "min": 6.921,
    "max": 10.085,
    "95_ci": [
      7.028307464138775,
      10.206732535861226
    ],
    "values": [
      8.6737,
      10.085,
      7.8371,
      6.921,
      9.5708
    ]
  }
}